current_round,start_aggregation,end_aggregation,participant count,actual partipants
1,1742998955.9362009,1742999086.780094,2,"['04c02891-9eef-41eb-a6df-001d89f0d053', '3969a78c-3d94-4bf9-9087-91a5c94da8ca']"
1,1742999899.136575,1742999969.1438038,2,"['74513489-6a2d-458b-85db-491bf31d2290', '75c314a5-6545-4560-8538-015adcabe28a']"
2,1742999974.288123,1743000044.291775,2,"['74513489-6a2d-458b-85db-491bf31d2290', '75c314a5-6545-4560-8538-015adcabe28a']"
3,1743000047.930032,1743000117.935626,2,"['74513489-6a2d-458b-85db-491bf31d2290', '75c314a5-6545-4560-8538-015adcabe28a']"
4,1743000123.742555,1743000238.1529012,2,"['33886cac-58dc-4c27-95b3-60696f1b4ebd', '74513489-6a2d-458b-85db-491bf31d2290']"
1,1743009046.456137,1743009173.790283,2,"['0c92bfd3-26da-46dc-98f0-9a42519f485c', '440794e9-13da-4725-822c-5705cbbdde89']"
2,1743009199.8169432,1743009269.8329349,3,"['0c92bfd3-26da-46dc-98f0-9a42519f485c', '440794e9-13da-4725-822c-5705cbbdde89', '86a1d34f-3288-4f46-a1f6-70d969fc4fa4']"
3,1743009286.42688,1743009356.437363,3,"['0c92bfd3-26da-46dc-98f0-9a42519f485c', '440794e9-13da-4725-822c-5705cbbdde89', '86a1d34f-3288-4f46-a1f6-70d969fc4fa4']"
4,1743009361.8189461,1743009431.83153,3,"['0c92bfd3-26da-46dc-98f0-9a42519f485c', '440794e9-13da-4725-822c-5705cbbdde89', '86a1d34f-3288-4f46-a1f6-70d969fc4fa4']"
5,1743009436.260062,1743009506.2615402,3,"['0c92bfd3-26da-46dc-98f0-9a42519f485c', '440794e9-13da-4725-822c-5705cbbdde89', '86a1d34f-3288-4f46-a1f6-70d969fc4fa4']"
6,1743009510.7815812,1743009581.066571,3,"['0c92bfd3-26da-46dc-98f0-9a42519f485c', '440794e9-13da-4725-822c-5705cbbdde89', '86a1d34f-3288-4f46-a1f6-70d969fc4fa4']"
7,1743009586.385483,1743009656.425044,3,"['0c92bfd3-26da-46dc-98f0-9a42519f485c', '440794e9-13da-4725-822c-5705cbbdde89', '86a1d34f-3288-4f46-a1f6-70d969fc4fa4']"
8,1743009660.358676,1743009730.361106,3,"['0c92bfd3-26da-46dc-98f0-9a42519f485c', '440794e9-13da-4725-822c-5705cbbdde89', '86a1d34f-3288-4f46-a1f6-70d969fc4fa4']"
9,1743009733.937898,1743009803.939559,3,"['0c92bfd3-26da-46dc-98f0-9a42519f485c', '440794e9-13da-4725-822c-5705cbbdde89', '86a1d34f-3288-4f46-a1f6-70d969fc4fa4']"
9,1743009808.581662,1743010149.358347,2,"['0c92bfd3-26da-46dc-98f0-9a42519f485c', '86a1d34f-3288-4f46-a1f6-70d969fc4fa4']"
10,1743010159.008353,1743010229.034284,2,"['440794e9-13da-4725-822c-5705cbbdde89', '86a1d34f-3288-4f46-a1f6-70d969fc4fa4']"
10,1743010243.409937,1743010243.414211
1,1743010422.7811399,1743010463.272762,3,"['092ab558-5cbc-4f1b-b8b6-c32eda6b6dc8', '315c9176-f9e9-4d7e-b1b3-50e976aee844', '679426a3-ac6b-4a25-949f-740e2fcfe380']"
1,1743010727.752948,1743010762.900877,3,"['04806001-2e83-4685-a1ba-d6cb92ce5d24', '42329892-877a-460a-a36e-128cd9b76d8f', 'bea8d4af-1d2c-4842-8481-9e0fd8b98649']"
1,1743010948.573524,1743010982.655806,3,"['3c348d9c-6828-4223-abd3-2f15f91b5169', 'bd60eca2-a47f-4e20-8150-19a59b2a2c5b', 'c2903a2a-3734-42dd-ab8a-c071f2e01e6e']"
1,1743011467.91585,1743011498.1569421,3,"['4f30ddf1-60ee-4ac6-92ee-1eb8e57ad52a', 'c751a623-d08f-4d2d-ab57-bcc5dc10720c', 'ef219b81-fcbe-40b9-a29a-d6d4caf1e5de']"
1,1743011622.1549592,1743011672.299156,3,"['1f3a884b-ea63-4cff-9e98-37778da8dceb', '28bd9827-563f-4b3c-a84d-6d5cd1d2c753', 'fc3e7eb7-1c68-4cee-adcd-b8fda5507174']"
1,1743012003.7328398,1743012092.596243,3,"['125172d8-09a2-4443-b59d-0b159ad222ed', 'c406e9d6-4911-4d06-9757-211c7e27622c', 'e6963da2-bf11-4591-b67b-f5057a6844da']"
1,1743012193.9676402,1743012263.9735749,3,"['011b25c9-a326-4390-b55a-0e9dd8d563d7', '0e8549e0-6c82-4fce-b26b-cf2d84b4fe40', 'e11f95b7-4126-4f72-918d-b7a1f5bec45c']"
1,1743014349.233483,1743014390.3492339,3,"['1ab8126a-246f-424c-8a17-7764817c83e5', '2d6c51cb-da18-402b-bf94-9b1a7e66f82d', '677cbd4d-6770-430c-8fe4-de3f9e9b5faf']"
1,1743014932.163392,1743014971.669982,3,"['01c7fd17-9b87-4c18-8ddb-1f792b1268bd', '4ebc53a0-e43f-41a7-ab43-afe905fb506b', 'bea28feb-0818-482b-bb9f-1131151b378a']"
1,1743015471.620068,1743015513.075514,3,"['249d51d6-26f2-4a4f-a45b-2a06aa786655', '43038693-4028-4748-a841-10b5eeba533b', 'd693688d-7d3b-485a-96f0-80e7248bf2e8']"
1,1743015722.726912,1743015760.112361,3,"['4a90662f-7833-4611-ae4a-7c4d7caa98c6', '6c92f578-6d3b-41ec-a7ba-253053c44b11', '6e2d48fd-09ec-4ba2-90cd-9aa9dc886712']"
2,1743015765.195925,1743015779.150474,3,"['4a90662f-7833-4611-ae4a-7c4d7caa98c6', '6c92f578-6d3b-41ec-a7ba-253053c44b11', '6e2d48fd-09ec-4ba2-90cd-9aa9dc886712']"
3,1743015781.5575528,1743015807.555604,3,"['4a90662f-7833-4611-ae4a-7c4d7caa98c6', '6c92f578-6d3b-41ec-a7ba-253053c44b11', '6e2d48fd-09ec-4ba2-90cd-9aa9dc886712']"
4,1743015814.735785,1743015871.5765,3,"['4a90662f-7833-4611-ae4a-7c4d7caa98c6', '6c92f578-6d3b-41ec-a7ba-253053c44b11', '6e2d48fd-09ec-4ba2-90cd-9aa9dc886712']"
5,1743015889.352501,1743015943.378887,3,"['4a90662f-7833-4611-ae4a-7c4d7caa98c6', '6c92f578-6d3b-41ec-a7ba-253053c44b11', '6e2d48fd-09ec-4ba2-90cd-9aa9dc886712']"
6,1743015958.429846,1743016017.012901,3,"['4a90662f-7833-4611-ae4a-7c4d7caa98c6', '6c92f578-6d3b-41ec-a7ba-253053c44b11', '6e2d48fd-09ec-4ba2-90cd-9aa9dc886712']"
7,1743016027.272938,1743016049.328512,3,"['4a90662f-7833-4611-ae4a-7c4d7caa98c6', '6c92f578-6d3b-41ec-a7ba-253053c44b11', '6e2d48fd-09ec-4ba2-90cd-9aa9dc886712']"
8,1743016055.7432818,1743016079.79128,3,"['4a90662f-7833-4611-ae4a-7c4d7caa98c6', '6c92f578-6d3b-41ec-a7ba-253053c44b11', '6e2d48fd-09ec-4ba2-90cd-9aa9dc886712']"
9,1743016083.139405,1743016098.262538,3,"['4a90662f-7833-4611-ae4a-7c4d7caa98c6', '6c92f578-6d3b-41ec-a7ba-253053c44b11', '6e2d48fd-09ec-4ba2-90cd-9aa9dc886712']"
10,1743016102.8914611,1743016114.6464362,3,"['4a90662f-7833-4611-ae4a-7c4d7caa98c6', '6c92f578-6d3b-41ec-a7ba-253053c44b11', '6e2d48fd-09ec-4ba2-90cd-9aa9dc886712']"
10,1743016117.122315,1743016117.123091
1,1743016797.2772071,1743016881.723836,3,"['26c6eef5-5a48-4d52-ab1b-8f3407416d32', '37a5afdb-a360-4cd1-9eac-ba4a3621230b', '4677c9b2-19e1-4615-a2bd-9595a91fc63b']"
2,1743016892.81984,1743016966.570078,3,"['26c6eef5-5a48-4d52-ab1b-8f3407416d32', '37a5afdb-a360-4cd1-9eac-ba4a3621230b', '4677c9b2-19e1-4615-a2bd-9595a91fc63b']"
3,1743016979.184337,1743017020.167178,3,"['26c6eef5-5a48-4d52-ab1b-8f3407416d32', '37a5afdb-a360-4cd1-9eac-ba4a3621230b', '4677c9b2-19e1-4615-a2bd-9595a91fc63b']"
4,1743017028.622329,1743017053.258145,3,"['26c6eef5-5a48-4d52-ab1b-8f3407416d32', '37a5afdb-a360-4cd1-9eac-ba4a3621230b', '4677c9b2-19e1-4615-a2bd-9595a91fc63b']"
5,1743017061.7946749,1743017080.153135,3,"['26c6eef5-5a48-4d52-ab1b-8f3407416d32', '37a5afdb-a360-4cd1-9eac-ba4a3621230b', '4677c9b2-19e1-4615-a2bd-9595a91fc63b']"
6,1743017082.894193,1743017096.499412,3,"['26c6eef5-5a48-4d52-ab1b-8f3407416d32', '37a5afdb-a360-4cd1-9eac-ba4a3621230b', '4677c9b2-19e1-4615-a2bd-9595a91fc63b']"
7,1743017100.863557,1743017113.150235,3,"['26c6eef5-5a48-4d52-ab1b-8f3407416d32', '37a5afdb-a360-4cd1-9eac-ba4a3621230b', '4677c9b2-19e1-4615-a2bd-9595a91fc63b']"
8,1743017115.7530391,1743017128.485486,3,"['26c6eef5-5a48-4d52-ab1b-8f3407416d32', '37a5afdb-a360-4cd1-9eac-ba4a3621230b', '4677c9b2-19e1-4615-a2bd-9595a91fc63b']"
9,1743017133.3993769,1743017145.7191622,3,"['26c6eef5-5a48-4d52-ab1b-8f3407416d32', '37a5afdb-a360-4cd1-9eac-ba4a3621230b', '4677c9b2-19e1-4615-a2bd-9595a91fc63b']"
10,1743017147.6873841,1743017161.513042,3,"['26c6eef5-5a48-4d52-ab1b-8f3407416d32', '37a5afdb-a360-4cd1-9eac-ba4a3621230b', '4677c9b2-19e1-4615-a2bd-9595a91fc63b']"
10,1743017165.33869,1743017165.3395252
1,1743023365.0657668,1743023479.710845,3,"['4208ce0f-845f-4ca1-8d0a-68c64dd300ce', '9164e34c-e15e-4b8b-9766-62f4043f2b94', 'a7397ef3-0791-4c84-9650-10b2d4fbc7eb']"
2,1743023498.7957299,1743023565.323475,3,"['4208ce0f-845f-4ca1-8d0a-68c64dd300ce', '9164e34c-e15e-4b8b-9766-62f4043f2b94', 'a7397ef3-0791-4c84-9650-10b2d4fbc7eb']"
3,1743023581.1617641,1743023633.405097,3,"['4208ce0f-845f-4ca1-8d0a-68c64dd300ce', '9164e34c-e15e-4b8b-9766-62f4043f2b94', 'a7397ef3-0791-4c84-9650-10b2d4fbc7eb']"
4,1743023644.256861,1743023668.328274,3,"['4208ce0f-845f-4ca1-8d0a-68c64dd300ce', '9164e34c-e15e-4b8b-9766-62f4043f2b94', 'a7397ef3-0791-4c84-9650-10b2d4fbc7eb']"
5,1743023672.0969658,1743023690.869239,3,"['4208ce0f-845f-4ca1-8d0a-68c64dd300ce', '9164e34c-e15e-4b8b-9766-62f4043f2b94', 'a7397ef3-0791-4c84-9650-10b2d4fbc7eb']"
6,1743023693.747256,1743023707.0334651,3,"['4208ce0f-845f-4ca1-8d0a-68c64dd300ce', '9164e34c-e15e-4b8b-9766-62f4043f2b94', 'a7397ef3-0791-4c84-9650-10b2d4fbc7eb']"
7,1743023710.528668,1743023722.80924,3,"['4208ce0f-845f-4ca1-8d0a-68c64dd300ce', '9164e34c-e15e-4b8b-9766-62f4043f2b94', 'a7397ef3-0791-4c84-9650-10b2d4fbc7eb']"
8,1743023724.8357382,1743023738.46993,3,"['4208ce0f-845f-4ca1-8d0a-68c64dd300ce', '9164e34c-e15e-4b8b-9766-62f4043f2b94', 'a7397ef3-0791-4c84-9650-10b2d4fbc7eb']"
9,1743023741.429465,1743023755.346269,3,"['4208ce0f-845f-4ca1-8d0a-68c64dd300ce', '9164e34c-e15e-4b8b-9766-62f4043f2b94', 'a7397ef3-0791-4c84-9650-10b2d4fbc7eb']"
10,1743023757.8755789,1743023771.3253472,3,"['4208ce0f-845f-4ca1-8d0a-68c64dd300ce', '9164e34c-e15e-4b8b-9766-62f4043f2b94', 'a7397ef3-0791-4c84-9650-10b2d4fbc7eb']"
10,1743023774.051435,1743023774.0520298
1,1743023931.4010618,1743024032.1167738,3,"['0162be21-ee80-4c19-b9f6-aca9dd25b5d5', '7c5c9cc6-0ba3-40b8-9923-d38774d87dbd', '7df98523-bb5c-495d-aea8-1ba725b41f5b']"
2,1743024046.7674398,1743024111.126702,3,"['0162be21-ee80-4c19-b9f6-aca9dd25b5d5', '7c5c9cc6-0ba3-40b8-9923-d38774d87dbd', '7df98523-bb5c-495d-aea8-1ba725b41f5b']"
3,1743024126.380513,1743024178.3570392,3,"['0162be21-ee80-4c19-b9f6-aca9dd25b5d5', '7c5c9cc6-0ba3-40b8-9923-d38774d87dbd', '7df98523-bb5c-495d-aea8-1ba725b41f5b']"
4,1743024192.4035041,1743024213.60184,3,"['0162be21-ee80-4c19-b9f6-aca9dd25b5d5', '7c5c9cc6-0ba3-40b8-9923-d38774d87dbd', '7df98523-bb5c-495d-aea8-1ba725b41f5b']"
5,1743024217.210915,1743024234.752233,3,"['0162be21-ee80-4c19-b9f6-aca9dd25b5d5', '7c5c9cc6-0ba3-40b8-9923-d38774d87dbd', '7df98523-bb5c-495d-aea8-1ba725b41f5b']"
6,1743024238.0422652,1743024251.996424,3,"['0162be21-ee80-4c19-b9f6-aca9dd25b5d5', '7c5c9cc6-0ba3-40b8-9923-d38774d87dbd', '7df98523-bb5c-495d-aea8-1ba725b41f5b']"
7,1743024256.899455,1743024267.875781,3,"['0162be21-ee80-4c19-b9f6-aca9dd25b5d5', '7c5c9cc6-0ba3-40b8-9923-d38774d87dbd', '7df98523-bb5c-495d-aea8-1ba725b41f5b']"
8,1743024270.755073,1743024282.158149,3,"['0162be21-ee80-4c19-b9f6-aca9dd25b5d5', '7c5c9cc6-0ba3-40b8-9923-d38774d87dbd', '7df98523-bb5c-495d-aea8-1ba725b41f5b']"
9,1743024284.219979,1743024297.759291,3,"['0162be21-ee80-4c19-b9f6-aca9dd25b5d5', '7c5c9cc6-0ba3-40b8-9923-d38774d87dbd', '7df98523-bb5c-495d-aea8-1ba725b41f5b']"
10,1743024300.7597818,1743024313.422956,3,"['0162be21-ee80-4c19-b9f6-aca9dd25b5d5', '7c5c9cc6-0ba3-40b8-9923-d38774d87dbd', '7df98523-bb5c-495d-aea8-1ba725b41f5b']"
10,1743024318.048883,1743024318.0504918
1,1743024540.045536,1743024575.9506712,3,"['32c85410-f77a-415f-a776-4e9dcde31c74', 'abde8f27-ea84-4bd5-9d2f-b4cd6c7141ce', 'd6550ba9-d66a-4765-8826-501b1360dd6f']"
2,1743024580.598291,1743024594.805177,3,"['32c85410-f77a-415f-a776-4e9dcde31c74', 'abde8f27-ea84-4bd5-9d2f-b4cd6c7141ce', 'd6550ba9-d66a-4765-8826-501b1360dd6f']"
3,1743024598.727603,1743024611.929261,3,"['32c85410-f77a-415f-a776-4e9dcde31c74', 'abde8f27-ea84-4bd5-9d2f-b4cd6c7141ce', 'd6550ba9-d66a-4765-8826-501b1360dd6f']"
4,1743024613.881353,1743024629.163889,3,"['32c85410-f77a-415f-a776-4e9dcde31c74', 'abde8f27-ea84-4bd5-9d2f-b4cd6c7141ce', 'd6550ba9-d66a-4765-8826-501b1360dd6f']"
5,1743024632.139217,1743024645.123574,3,"['32c85410-f77a-415f-a776-4e9dcde31c74', 'abde8f27-ea84-4bd5-9d2f-b4cd6c7141ce', 'd6550ba9-d66a-4765-8826-501b1360dd6f']"
6,1743024649.468066,1743024663.2900128,3,"['32c85410-f77a-415f-a776-4e9dcde31c74', 'abde8f27-ea84-4bd5-9d2f-b4cd6c7141ce', 'd6550ba9-d66a-4765-8826-501b1360dd6f']"
7,1743024666.381293,1743024679.53558,3,"['32c85410-f77a-415f-a776-4e9dcde31c74', 'abde8f27-ea84-4bd5-9d2f-b4cd6c7141ce', 'd6550ba9-d66a-4765-8826-501b1360dd6f']"
8,1743024681.757504,1743024695.884686,3,"['32c85410-f77a-415f-a776-4e9dcde31c74', 'abde8f27-ea84-4bd5-9d2f-b4cd6c7141ce', 'd6550ba9-d66a-4765-8826-501b1360dd6f']"
9,1743024698.388863,1743024712.814094,3,"['32c85410-f77a-415f-a776-4e9dcde31c74', 'abde8f27-ea84-4bd5-9d2f-b4cd6c7141ce', 'd6550ba9-d66a-4765-8826-501b1360dd6f']"
10,1743024718.192439,1743024730.790731,3,"['32c85410-f77a-415f-a776-4e9dcde31c74', 'abde8f27-ea84-4bd5-9d2f-b4cd6c7141ce', 'd6550ba9-d66a-4765-8826-501b1360dd6f']"
10,1743024733.645531,1743024733.6458209
1,1743024807.438616,1743024903.456594,3,"['00497a55-0e83-49ed-83ce-36a1dac2c7c6', '5b1297ba-8c44-4135-95e4-455da3adb305', '9b7bd9e8-23b1-4837-aabc-bff2596bddcb']"
2,1743024917.8629491,1743024971.868941,3,"['00497a55-0e83-49ed-83ce-36a1dac2c7c6', '5b1297ba-8c44-4135-95e4-455da3adb305', '9b7bd9e8-23b1-4837-aabc-bff2596bddcb']"
3,1743024978.413756,1743025021.659711,3,"['00497a55-0e83-49ed-83ce-36a1dac2c7c6', '5b1297ba-8c44-4135-95e4-455da3adb305', '9b7bd9e8-23b1-4837-aabc-bff2596bddcb']"
4,1743025026.684181,1743025057.6701272,3,"['00497a55-0e83-49ed-83ce-36a1dac2c7c6', '5b1297ba-8c44-4135-95e4-455da3adb305', '9b7bd9e8-23b1-4837-aabc-bff2596bddcb']"
5,1743025064.850326,1743025081.8744361,3,"['00497a55-0e83-49ed-83ce-36a1dac2c7c6', '5b1297ba-8c44-4135-95e4-455da3adb305', '9b7bd9e8-23b1-4837-aabc-bff2596bddcb']"
6,1743025084.545115,1743025098.803922,3,"['00497a55-0e83-49ed-83ce-36a1dac2c7c6', '5b1297ba-8c44-4135-95e4-455da3adb305', '9b7bd9e8-23b1-4837-aabc-bff2596bddcb']"
7,1743025101.937363,1743025115.36152,3,"['00497a55-0e83-49ed-83ce-36a1dac2c7c6', '5b1297ba-8c44-4135-95e4-455da3adb305', '9b7bd9e8-23b1-4837-aabc-bff2596bddcb']"
8,1743025117.811927,1743025130.064658,3,"['00497a55-0e83-49ed-83ce-36a1dac2c7c6', '5b1297ba-8c44-4135-95e4-455da3adb305', '9b7bd9e8-23b1-4837-aabc-bff2596bddcb']"
9,1743025134.386538,1743025147.322272,3,"['00497a55-0e83-49ed-83ce-36a1dac2c7c6', '5b1297ba-8c44-4135-95e4-455da3adb305', '9b7bd9e8-23b1-4837-aabc-bff2596bddcb']"
10,1743025150.291177,1743025162.945971,3,"['00497a55-0e83-49ed-83ce-36a1dac2c7c6', '5b1297ba-8c44-4135-95e4-455da3adb305', '9b7bd9e8-23b1-4837-aabc-bff2596bddcb']"
10,1743025165.733344,1743025165.734313
1,1743025274.617416,1743025364.10498,3,"['386b5a84-acc4-4cf7-8b5f-064197cab013', '71372aa8-ebc7-4fd1-8b9a-f686be900f25', '74229455-9938-43a6-9026-74723ac156c9']"
2,1743025380.921356,1743025454.2292411,3,"['386b5a84-acc4-4cf7-8b5f-064197cab013', '71372aa8-ebc7-4fd1-8b9a-f686be900f25', '74229455-9938-43a6-9026-74723ac156c9']"
3,1743025470.802686,1743025530.9755478,3,"['386b5a84-acc4-4cf7-8b5f-064197cab013', '71372aa8-ebc7-4fd1-8b9a-f686be900f25', '74229455-9938-43a6-9026-74723ac156c9']"
4,1743025548.370201,1743025605.8469539,3,"['386b5a84-acc4-4cf7-8b5f-064197cab013', '71372aa8-ebc7-4fd1-8b9a-f686be900f25', '74229455-9938-43a6-9026-74723ac156c9']"
5,1743025619.094624,1743025637.884691,3,"['386b5a84-acc4-4cf7-8b5f-064197cab013', '71372aa8-ebc7-4fd1-8b9a-f686be900f25', '74229455-9938-43a6-9026-74723ac156c9']"
6,1743025642.5114062,1743025656.272202,3,"['386b5a84-acc4-4cf7-8b5f-064197cab013', '71372aa8-ebc7-4fd1-8b9a-f686be900f25', '74229455-9938-43a6-9026-74723ac156c9']"
7,1743025659.555424,1743025671.422684,3,"['386b5a84-acc4-4cf7-8b5f-064197cab013', '71372aa8-ebc7-4fd1-8b9a-f686be900f25', '74229455-9938-43a6-9026-74723ac156c9']"
8,1743025673.7932842,1743025684.946597,3,"['386b5a84-acc4-4cf7-8b5f-064197cab013', '71372aa8-ebc7-4fd1-8b9a-f686be900f25', '74229455-9938-43a6-9026-74723ac156c9']"
9,1743025689.9840589,1743025700.507303,3,"['386b5a84-acc4-4cf7-8b5f-064197cab013', '71372aa8-ebc7-4fd1-8b9a-f686be900f25', '74229455-9938-43a6-9026-74723ac156c9']"
10,1743025702.874778,1743025717.195733,3,"['386b5a84-acc4-4cf7-8b5f-064197cab013', '71372aa8-ebc7-4fd1-8b9a-f686be900f25', '74229455-9938-43a6-9026-74723ac156c9']"
10,1743025720.628605,1743025720.629892
1,1743025866.2577732,1743025897.675699,3,"['332dc94f-66c5-4ae6-b3e0-a880c45fb699', '4fb00b44-5dde-4c96-b905-101d638fae1f', 'dd541f0c-974f-4d39-bcdb-6bf29ecc7f5d']"
2,1743025904.068417,1743025942.5501618,3,"['332dc94f-66c5-4ae6-b3e0-a880c45fb699', '4fb00b44-5dde-4c96-b905-101d638fae1f', 'dd541f0c-974f-4d39-bcdb-6bf29ecc7f5d']"
3,1743025948.351386,1743026007.748511,3,"['332dc94f-66c5-4ae6-b3e0-a880c45fb699', '4fb00b44-5dde-4c96-b905-101d638fae1f', 'dd541f0c-974f-4d39-bcdb-6bf29ecc7f5d']"
4,1743026023.4696379,1743026062.8315961,3,"['332dc94f-66c5-4ae6-b3e0-a880c45fb699', '4fb00b44-5dde-4c96-b905-101d638fae1f', 'dd541f0c-974f-4d39-bcdb-6bf29ecc7f5d']"
5,1743026068.097594,1743026097.353197,3,"['332dc94f-66c5-4ae6-b3e0-a880c45fb699', '4fb00b44-5dde-4c96-b905-101d638fae1f', 'dd541f0c-974f-4d39-bcdb-6bf29ecc7f5d']"
6,1743026106.2037609,1743026131.3930361,3,"['332dc94f-66c5-4ae6-b3e0-a880c45fb699', '4fb00b44-5dde-4c96-b905-101d638fae1f', 'dd541f0c-974f-4d39-bcdb-6bf29ecc7f5d']"
7,1743026135.7205691,1743026151.990705,3,"['332dc94f-66c5-4ae6-b3e0-a880c45fb699', '4fb00b44-5dde-4c96-b905-101d638fae1f', 'dd541f0c-974f-4d39-bcdb-6bf29ecc7f5d']"
8,1743026154.3085818,1743026166.808287,3,"['332dc94f-66c5-4ae6-b3e0-a880c45fb699', '4fb00b44-5dde-4c96-b905-101d638fae1f', 'dd541f0c-974f-4d39-bcdb-6bf29ecc7f5d']"
9,1743026170.759043,1743026180.449855,3,"['332dc94f-66c5-4ae6-b3e0-a880c45fb699', '4fb00b44-5dde-4c96-b905-101d638fae1f', 'dd541f0c-974f-4d39-bcdb-6bf29ecc7f5d']"
10,1743026182.8674712,1743026196.617555,3,"['332dc94f-66c5-4ae6-b3e0-a880c45fb699', '4fb00b44-5dde-4c96-b905-101d638fae1f', 'dd541f0c-974f-4d39-bcdb-6bf29ecc7f5d']"
10,1743026198.85437,1743026198.855314
1,1743026355.753461,1743026386.5375721,3,"['524b295a-f36e-4e60-9f4e-17d0384bf410', '5543e6cf-0be2-4ee6-9170-90a02f194634', '9d453044-5b29-4a5b-b331-451eb93f5a35']"
2,1743026392.4247758,1743026405.705028,3,"['524b295a-f36e-4e60-9f4e-17d0384bf410', '5543e6cf-0be2-4ee6-9170-90a02f194634', '9d453044-5b29-4a5b-b331-451eb93f5a35']"
3,1743026407.898504,1743026420.600492,3,"['524b295a-f36e-4e60-9f4e-17d0384bf410', '5543e6cf-0be2-4ee6-9170-90a02f194634', '9d453044-5b29-4a5b-b331-451eb93f5a35']"
4,1743026422.712062,1743026436.45359,3,"['524b295a-f36e-4e60-9f4e-17d0384bf410', '5543e6cf-0be2-4ee6-9170-90a02f194634', '9d453044-5b29-4a5b-b331-451eb93f5a35']"
5,1743026438.6783319,1743026449.197797,3,"['524b295a-f36e-4e60-9f4e-17d0384bf410', '5543e6cf-0be2-4ee6-9170-90a02f194634', '9d453044-5b29-4a5b-b331-451eb93f5a35']"
6,1743026453.395521,1743026464.823852,3,"['524b295a-f36e-4e60-9f4e-17d0384bf410', '5543e6cf-0be2-4ee6-9170-90a02f194634', '9d453044-5b29-4a5b-b331-451eb93f5a35']"
7,1743026467.257985,1743026479.236213,3,"['524b295a-f36e-4e60-9f4e-17d0384bf410', '5543e6cf-0be2-4ee6-9170-90a02f194634', '9d453044-5b29-4a5b-b331-451eb93f5a35']"
8,1743026481.4086778,1743026492.2406201,3,"['524b295a-f36e-4e60-9f4e-17d0384bf410', '5543e6cf-0be2-4ee6-9170-90a02f194634', '9d453044-5b29-4a5b-b331-451eb93f5a35']"
9,1743026494.0467598,1743026506.681986,3,"['524b295a-f36e-4e60-9f4e-17d0384bf410', '5543e6cf-0be2-4ee6-9170-90a02f194634', '9d453044-5b29-4a5b-b331-451eb93f5a35']"
10,1743026508.980727,1743026522.898049,3,"['524b295a-f36e-4e60-9f4e-17d0384bf410', '5543e6cf-0be2-4ee6-9170-90a02f194634', '9d453044-5b29-4a5b-b331-451eb93f5a35']"
10,1743026526.905323,1743026526.905617
1,1743026850.7257202,1743026880.870713,3,"['5bc4ab8b-2318-42ec-b971-cca004526bde', '6d8ed8af-dbfa-432b-b538-bbae48e8f9c2', 'ebede549-d96d-41aa-b318-18f456e32be8']"
2,1743026886.51169,1743026898.972488,3,"['5bc4ab8b-2318-42ec-b971-cca004526bde', '6d8ed8af-dbfa-432b-b538-bbae48e8f9c2', 'ebede549-d96d-41aa-b318-18f456e32be8']"
3,1743026902.407496,1743026913.252002,3,"['5bc4ab8b-2318-42ec-b971-cca004526bde', '6d8ed8af-dbfa-432b-b538-bbae48e8f9c2', 'ebede549-d96d-41aa-b318-18f456e32be8']"
4,1743026915.624607,1743026929.269822,3,"['5bc4ab8b-2318-42ec-b971-cca004526bde', '6d8ed8af-dbfa-432b-b538-bbae48e8f9c2', 'ebede549-d96d-41aa-b318-18f456e32be8']"
5,1743026931.6974342,1743026943.426516,3,"['5bc4ab8b-2318-42ec-b971-cca004526bde', '6d8ed8af-dbfa-432b-b538-bbae48e8f9c2', 'ebede549-d96d-41aa-b318-18f456e32be8']"
6,1743026948.072045,1743026960.484996,3,"['5bc4ab8b-2318-42ec-b971-cca004526bde', '6d8ed8af-dbfa-432b-b538-bbae48e8f9c2', 'ebede549-d96d-41aa-b318-18f456e32be8']"
7,1743026964.3825831,1743026975.441886,3,"['5bc4ab8b-2318-42ec-b971-cca004526bde', '6d8ed8af-dbfa-432b-b538-bbae48e8f9c2', 'ebede549-d96d-41aa-b318-18f456e32be8']"
8,1743026977.182225,1743026989.532934,3,"['5bc4ab8b-2318-42ec-b971-cca004526bde', '6d8ed8af-dbfa-432b-b538-bbae48e8f9c2', 'ebede549-d96d-41aa-b318-18f456e32be8']"
9,1743026991.1970382,1743027007.7030048,3,"['5bc4ab8b-2318-42ec-b971-cca004526bde', '6d8ed8af-dbfa-432b-b538-bbae48e8f9c2', 'ebede549-d96d-41aa-b318-18f456e32be8']"
10,1743027011.1971781,1743027022.954249,3,"['5bc4ab8b-2318-42ec-b971-cca004526bde', '6d8ed8af-dbfa-432b-b538-bbae48e8f9c2', 'ebede549-d96d-41aa-b318-18f456e32be8']"
10,1743027026.2115571,1743027026.2118988
1,1743027310.670696,1743027339.8495512,3,"['186e992a-adf9-45e5-9c0b-bd7f68014691', '3e1cbfdc-00c4-441b-8e04-3e0cda26c864', 'dec18879-66d5-405e-bf48-14a06f70acec']"
2,1743027344.972736,1743027357.90148,3,"['186e992a-adf9-45e5-9c0b-bd7f68014691', '3e1cbfdc-00c4-441b-8e04-3e0cda26c864', 'dec18879-66d5-405e-bf48-14a06f70acec']"
3,1743027359.944169,1743027377.755195,3,"['186e992a-adf9-45e5-9c0b-bd7f68014691', '3e1cbfdc-00c4-441b-8e04-3e0cda26c864', 'dec18879-66d5-405e-bf48-14a06f70acec']"
4,1743027383.5340319,1743027398.84444,3,"['186e992a-adf9-45e5-9c0b-bd7f68014691', '3e1cbfdc-00c4-441b-8e04-3e0cda26c864', 'dec18879-66d5-405e-bf48-14a06f70acec']"
5,1743027400.7686558,1743027411.907545,3,"['186e992a-adf9-45e5-9c0b-bd7f68014691', '3e1cbfdc-00c4-441b-8e04-3e0cda26c864', 'dec18879-66d5-405e-bf48-14a06f70acec']"
6,1743027416.843549,1743027427.6347861,3,"['186e992a-adf9-45e5-9c0b-bd7f68014691', '3e1cbfdc-00c4-441b-8e04-3e0cda26c864', 'dec18879-66d5-405e-bf48-14a06f70acec']"
7,1743027430.331278,1743027441.483066,3,"['186e992a-adf9-45e5-9c0b-bd7f68014691', '3e1cbfdc-00c4-441b-8e04-3e0cda26c864', 'dec18879-66d5-405e-bf48-14a06f70acec']"
8,1743027443.004267,1743027455.727778,3,"['186e992a-adf9-45e5-9c0b-bd7f68014691', '3e1cbfdc-00c4-441b-8e04-3e0cda26c864', 'dec18879-66d5-405e-bf48-14a06f70acec']"
9,1743027457.7547631,1743027470.925728,3,"['186e992a-adf9-45e5-9c0b-bd7f68014691', '3e1cbfdc-00c4-441b-8e04-3e0cda26c864', 'dec18879-66d5-405e-bf48-14a06f70acec']"
10,1743027472.881105,1743027486.5324512,3,"['186e992a-adf9-45e5-9c0b-bd7f68014691', '3e1cbfdc-00c4-441b-8e04-3e0cda26c864', 'dec18879-66d5-405e-bf48-14a06f70acec']"
10,1743027490.61806,1743027490.6186738
1,1743027897.1746209,1743027967.1950562,2,"['20f4b15f-e18f-4921-a20a-15184b9612e0', '96a44a8c-574e-41c4-a696-17f85d2ff9dc']"
1,1743028632.4451761,1743028702.450834,2,"['04ec2d4c-114f-4192-aa06-e7588d6c6544', '2415c311-af9c-4980-9ec8-63f349dc77b8']"
2,1743028706.004981,1743028776.006761,2,"['04ec2d4c-114f-4192-aa06-e7588d6c6544', '2415c311-af9c-4980-9ec8-63f349dc77b8']"
3,1743028780.150358,1743028850.1520011,2,"['04ec2d4c-114f-4192-aa06-e7588d6c6544', '2415c311-af9c-4980-9ec8-63f349dc77b8']"
4,1743028855.320431,1743028925.323523,2,"['04ec2d4c-114f-4192-aa06-e7588d6c6544', '2415c311-af9c-4980-9ec8-63f349dc77b8']"
1,1743028981.0663822,1743029051.072521,3,"['36e9ebef-2466-4c77-98f9-b05fc8b32362', '91daf48a-4210-47ee-95c6-80aa0b267e99', 'd476f94d-d465-47ed-a34d-51a560ee1db5']"
2,1743029056.245615,1743029126.274125,3,"['36e9ebef-2466-4c77-98f9-b05fc8b32362', '91daf48a-4210-47ee-95c6-80aa0b267e99', 'd476f94d-d465-47ed-a34d-51a560ee1db5']"
3,1743029130.767534,1743029200.769344,3,"['36e9ebef-2466-4c77-98f9-b05fc8b32362', '91daf48a-4210-47ee-95c6-80aa0b267e99', 'd476f94d-d465-47ed-a34d-51a560ee1db5']"
4,1743029206.880151,1743029276.882765,3,"['36e9ebef-2466-4c77-98f9-b05fc8b32362', '91daf48a-4210-47ee-95c6-80aa0b267e99', 'd476f94d-d465-47ed-a34d-51a560ee1db5']"
5,1743029281.805727,1743029351.821932,3,"['36e9ebef-2466-4c77-98f9-b05fc8b32362', '91daf48a-4210-47ee-95c6-80aa0b267e99', 'd476f94d-d465-47ed-a34d-51a560ee1db5']"
6,1743029356.35684,1743029426.360439,3,"['36e9ebef-2466-4c77-98f9-b05fc8b32362', '91daf48a-4210-47ee-95c6-80aa0b267e99', 'd476f94d-d465-47ed-a34d-51a560ee1db5']"
7,1743029431.987435,1743029501.9900868,3,"['36e9ebef-2466-4c77-98f9-b05fc8b32362', '91daf48a-4210-47ee-95c6-80aa0b267e99', 'd476f94d-d465-47ed-a34d-51a560ee1db5']"
8,1743029506.140679,1743029576.142802,3,"['36e9ebef-2466-4c77-98f9-b05fc8b32362', '91daf48a-4210-47ee-95c6-80aa0b267e99', 'd476f94d-d465-47ed-a34d-51a560ee1db5']"
9,1743029581.2742028,1743029651.277052,3,"['36e9ebef-2466-4c77-98f9-b05fc8b32362', '91daf48a-4210-47ee-95c6-80aa0b267e99', 'd476f94d-d465-47ed-a34d-51a560ee1db5']"
10,1743029655.520909,1743029725.5240881,3,"['36e9ebef-2466-4c77-98f9-b05fc8b32362', '91daf48a-4210-47ee-95c6-80aa0b267e99', 'd476f94d-d465-47ed-a34d-51a560ee1db5']"
10,1743029729.89831,1743029729.898585
1,1743029833.868147,1743029938.142627,2,"['85034656-91df-4a85-91e4-f667eee91d3a', 'f672f014-5ddf-4992-9ae7-29aac3aee068']"
2,1743029953.957607,1743030023.9788852,3,"['2a8f6946-6931-4390-a341-77bf0ae69189', '85034656-91df-4a85-91e4-f667eee91d3a', 'f672f014-5ddf-4992-9ae7-29aac3aee068']"
3,1743030034.223037,1743030104.228773,3,"['2a8f6946-6931-4390-a341-77bf0ae69189', '85034656-91df-4a85-91e4-f667eee91d3a', 'f672f014-5ddf-4992-9ae7-29aac3aee068']"
4,1743030111.685426,1743030181.6916008,3,"['2a8f6946-6931-4390-a341-77bf0ae69189', '85034656-91df-4a85-91e4-f667eee91d3a', 'f672f014-5ddf-4992-9ae7-29aac3aee068']"
5,1743030185.287366,1743030255.289987,3,"['2a8f6946-6931-4390-a341-77bf0ae69189', '85034656-91df-4a85-91e4-f667eee91d3a', 'f672f014-5ddf-4992-9ae7-29aac3aee068']"
6,1743030258.12922,1743030328.1316092,3,"['2a8f6946-6931-4390-a341-77bf0ae69189', '85034656-91df-4a85-91e4-f667eee91d3a', 'f672f014-5ddf-4992-9ae7-29aac3aee068']"
7,1743030331.729874,1743030401.732764,3,"['2a8f6946-6931-4390-a341-77bf0ae69189', '85034656-91df-4a85-91e4-f667eee91d3a', 'f672f014-5ddf-4992-9ae7-29aac3aee068']"
8,1743030405.863032,1743030475.8663769,3,"['2a8f6946-6931-4390-a341-77bf0ae69189', '85034656-91df-4a85-91e4-f667eee91d3a', 'f672f014-5ddf-4992-9ae7-29aac3aee068']"
9,1743030479.536684,1743030549.606058,3,"['2a8f6946-6931-4390-a341-77bf0ae69189', '85034656-91df-4a85-91e4-f667eee91d3a', 'f672f014-5ddf-4992-9ae7-29aac3aee068']"
9,1743030553.335735,1743030623.3374221,3,"['2a8f6946-6931-4390-a341-77bf0ae69189', '85034656-91df-4a85-91e4-f667eee91d3a', 'f672f014-5ddf-4992-9ae7-29aac3aee068']"
1,1743030746.373142,1743030816.4010339,3,"['00ee8b3e-e274-420f-9874-5759b8f55c6d', '193448a6-837b-46dc-b324-4f7e96cac5aa', '240ec68b-17fa-42d3-88b7-150ad37e56cc']"
2,1743030819.2030091,1743030889.206262,3,"['00ee8b3e-e274-420f-9874-5759b8f55c6d', '193448a6-837b-46dc-b324-4f7e96cac5aa', '240ec68b-17fa-42d3-88b7-150ad37e56cc']"
3,1743030893.371365,1743030963.373493,3,"['00ee8b3e-e274-420f-9874-5759b8f55c6d', '193448a6-837b-46dc-b324-4f7e96cac5aa', '240ec68b-17fa-42d3-88b7-150ad37e56cc']"
4,1743030967.656003,1743031037.659494,3,"['00ee8b3e-e274-420f-9874-5759b8f55c6d', '193448a6-837b-46dc-b324-4f7e96cac5aa', '240ec68b-17fa-42d3-88b7-150ad37e56cc']"
5,1743031041.325516,1743031111.327318,3,"['00ee8b3e-e274-420f-9874-5759b8f55c6d', '193448a6-837b-46dc-b324-4f7e96cac5aa', '240ec68b-17fa-42d3-88b7-150ad37e56cc']"
6,1743031115.938494,1743031185.94645,3,"['00ee8b3e-e274-420f-9874-5759b8f55c6d', '193448a6-837b-46dc-b324-4f7e96cac5aa', '240ec68b-17fa-42d3-88b7-150ad37e56cc']"
7,1743031189.550852,1743031259.55444,3,"['00ee8b3e-e274-420f-9874-5759b8f55c6d', '193448a6-837b-46dc-b324-4f7e96cac5aa', '240ec68b-17fa-42d3-88b7-150ad37e56cc']"
8,1743031263.228959,1743031333.231832,3,"['00ee8b3e-e274-420f-9874-5759b8f55c6d', '193448a6-837b-46dc-b324-4f7e96cac5aa', '240ec68b-17fa-42d3-88b7-150ad37e56cc']"
9,1743031336.482636,1743031406.485711,3,"['00ee8b3e-e274-420f-9874-5759b8f55c6d', '193448a6-837b-46dc-b324-4f7e96cac5aa', '240ec68b-17fa-42d3-88b7-150ad37e56cc']"
10,1743031409.28093,1743031479.2827451,3,"['00ee8b3e-e274-420f-9874-5759b8f55c6d', '193448a6-837b-46dc-b324-4f7e96cac5aa', '240ec68b-17fa-42d3-88b7-150ad37e56cc']"
10,1743031482.2235992,1743031482.2238011
1,1743031561.2865741,1743031631.2922518,3,"['b0c676c1-d3dc-4b3c-be91-2e37da363de8', 'd22b8c0f-54bc-4e46-8f19-9f80522b608b', 'dbf546c2-5b3c-496e-abb0-e52aac33dd52']"
2,1743031635.710965,1743031705.7174542,3,"['b0c676c1-d3dc-4b3c-be91-2e37da363de8', 'd22b8c0f-54bc-4e46-8f19-9f80522b608b', 'dbf546c2-5b3c-496e-abb0-e52aac33dd52']"
3,1743031709.564026,1743031779.566066,3,"['b0c676c1-d3dc-4b3c-be91-2e37da363de8', 'd22b8c0f-54bc-4e46-8f19-9f80522b608b', 'dbf546c2-5b3c-496e-abb0-e52aac33dd52']"
4,1743031783.934208,1743031853.937401,3,"['b0c676c1-d3dc-4b3c-be91-2e37da363de8', 'd22b8c0f-54bc-4e46-8f19-9f80522b608b', 'dbf546c2-5b3c-496e-abb0-e52aac33dd52']"
5,1743031857.484064,1743031927.4859111,3,"['b0c676c1-d3dc-4b3c-be91-2e37da363de8', 'd22b8c0f-54bc-4e46-8f19-9f80522b608b', 'dbf546c2-5b3c-496e-abb0-e52aac33dd52']"
6,1743031931.022433,1743032001.024213,3,"['b0c676c1-d3dc-4b3c-be91-2e37da363de8', 'd22b8c0f-54bc-4e46-8f19-9f80522b608b', 'dbf546c2-5b3c-496e-abb0-e52aac33dd52']"
7,1743032003.8195682,1743032073.869973,3,"['b0c676c1-d3dc-4b3c-be91-2e37da363de8', 'd22b8c0f-54bc-4e46-8f19-9f80522b608b', 'dbf546c2-5b3c-496e-abb0-e52aac33dd52']"
8,1743032077.495154,1743032147.501002,3,"['b0c676c1-d3dc-4b3c-be91-2e37da363de8', 'd22b8c0f-54bc-4e46-8f19-9f80522b608b', 'dbf546c2-5b3c-496e-abb0-e52aac33dd52']"
9,1743032151.000093,1743032221.0043242,3,"['b0c676c1-d3dc-4b3c-be91-2e37da363de8', 'd22b8c0f-54bc-4e46-8f19-9f80522b608b', 'dbf546c2-5b3c-496e-abb0-e52aac33dd52']"
10,1743032224.6713128,1743032294.674272,3,"['b0c676c1-d3dc-4b3c-be91-2e37da363de8', 'd22b8c0f-54bc-4e46-8f19-9f80522b608b', 'dbf546c2-5b3c-496e-abb0-e52aac33dd52']"
10,1743032298.136384,1743032298.1367328
1,1743032386.367993,1743032497.886924,2,"['6871db0a-5c1a-4533-928a-c142722a3bff', 'f24200b9-43f2-4954-bff6-abf9f47185a9']"
2,1743032512.872532,1743032582.885428,3,"['259ae80a-4510-4d5c-a27c-3b7b2541954b', '6871db0a-5c1a-4533-928a-c142722a3bff', 'f24200b9-43f2-4954-bff6-abf9f47185a9']"
3,1743032590.4659798,1743032660.469512,3,"['259ae80a-4510-4d5c-a27c-3b7b2541954b', '6871db0a-5c1a-4533-928a-c142722a3bff', 'f24200b9-43f2-4954-bff6-abf9f47185a9']"
4,1743032666.0547268,1743032736.061933,3,"['259ae80a-4510-4d5c-a27c-3b7b2541954b', '6871db0a-5c1a-4533-928a-c142722a3bff', 'f24200b9-43f2-4954-bff6-abf9f47185a9']"
5,1743032739.666354,1743032809.6682408,3,"['259ae80a-4510-4d5c-a27c-3b7b2541954b', '6871db0a-5c1a-4533-928a-c142722a3bff', 'f24200b9-43f2-4954-bff6-abf9f47185a9']"
6,1743032814.766675,1743032884.7708108,3,"['259ae80a-4510-4d5c-a27c-3b7b2541954b', '6871db0a-5c1a-4533-928a-c142722a3bff', 'f24200b9-43f2-4954-bff6-abf9f47185a9']"
7,1743032889.2928908,1743032959.2960682,3,"['259ae80a-4510-4d5c-a27c-3b7b2541954b', '6871db0a-5c1a-4533-928a-c142722a3bff', 'f24200b9-43f2-4954-bff6-abf9f47185a9']"
8,1743032963.132189,1743033033.138966,3,"['259ae80a-4510-4d5c-a27c-3b7b2541954b', '6871db0a-5c1a-4533-928a-c142722a3bff', 'f24200b9-43f2-4954-bff6-abf9f47185a9']"
9,1743033037.092562,1743033107.095665,3,"['259ae80a-4510-4d5c-a27c-3b7b2541954b', '6871db0a-5c1a-4533-928a-c142722a3bff', 'f24200b9-43f2-4954-bff6-abf9f47185a9']"
9,1743033111.125029,1743033181.128884,3,"['259ae80a-4510-4d5c-a27c-3b7b2541954b', '6871db0a-5c1a-4533-928a-c142722a3bff', 'f24200b9-43f2-4954-bff6-abf9f47185a9']"
1,1743112214.538791,1743112564.9151738,2,"['74043d9f-b963-4b1a-9abe-afcb05945ab4', 'e8d42f54-c3b0-46d9-be6d-4eb1b567a703']"
1,1743112929.080947,1743113053.085669,2,"['1b31b127-25a8-47ee-87fe-c62f267970fc', '94d5fbc8-4d5e-49ed-9243-525e968b1f53']"
2,1743113063.1322901,1743113133.135493,2,"['1b31b127-25a8-47ee-87fe-c62f267970fc', '94d5fbc8-4d5e-49ed-9243-525e968b1f53']"
1,1743113563.5894241,1743113693.766291,2,"['3b40729d-9650-4d9a-a1ec-f7f8b665ec75', 'e8f4d105-e65a-4cbf-ab93-dfeb994fd7ce']"
1,1743114235.531086,1743114306.254314,2,"['04618a7e-629c-4d19-991c-09773175a8bd', '7fb4f095-e12e-4f1e-a9bb-45a75bbe0a36']"
2,1743114312.470916,1743114382.472987,2,"['04618a7e-629c-4d19-991c-09773175a8bd', '7fb4f095-e12e-4f1e-a9bb-45a75bbe0a36']"
3,1743114387.5556638,1743114457.594453,2,"['04618a7e-629c-4d19-991c-09773175a8bd', '7fb4f095-e12e-4f1e-a9bb-45a75bbe0a36']"
4,1743114465.908909,1743114535.954558,2,"['04618a7e-629c-4d19-991c-09773175a8bd', '7fb4f095-e12e-4f1e-a9bb-45a75bbe0a36']"
1,1743114580.651305,1743114650.663599,2,"['3e2c7f50-c6a9-48ab-9b0f-17b84c348f66', 'c9a88ef7-b8c4-4622-8267-63b06c293173']"
2,1743114655.4691699,1743114725.4739351,2,"['3e2c7f50-c6a9-48ab-9b0f-17b84c348f66', 'c9a88ef7-b8c4-4622-8267-63b06c293173']"
3,1743114730.848483,1743114800.852393,2,"['3e2c7f50-c6a9-48ab-9b0f-17b84c348f66', 'c9a88ef7-b8c4-4622-8267-63b06c293173']"
1,1743114819.301246,1743114889.306544,2,"['9e4909b4-3775-4890-bcc2-68e2f3641dca', 'b8a4525b-adbf-4d18-be07-0bb86f0294b3']"
1,1743114960.4841878,1743115030.48847,2,"['71af74cc-1f7d-4317-bc52-6239a5626e7f', '7a357ad0-f715-40d2-9089-a1fc9dbf8785']"
2,1743115036.452325,1743115106.458703,2,"['71af74cc-1f7d-4317-bc52-6239a5626e7f', '7a357ad0-f715-40d2-9089-a1fc9dbf8785']"
1,1743115170.981022,1743115241.0033548,2,"['69178f6a-c22e-41ea-9b47-08671a9fdec4', 'c3569547-a881-4f6c-9f34-920d3b44ebc4']"
2,1743115245.565927,1743115315.567505,2,"['69178f6a-c22e-41ea-9b47-08671a9fdec4', 'c3569547-a881-4f6c-9f34-920d3b44ebc4']"
3,1743115319.8500218,1743115389.852504,2,"['69178f6a-c22e-41ea-9b47-08671a9fdec4', 'c3569547-a881-4f6c-9f34-920d3b44ebc4']"
4,1743115395.109782,1743115465.1118772,2,"['69178f6a-c22e-41ea-9b47-08671a9fdec4', 'c3569547-a881-4f6c-9f34-920d3b44ebc4']"
1,1743116852.270391,1743116933.308047,2,"['343d1fc8-f363-40c6-80b7-8b3e5759305c', '51d398ef-29f5-4a0b-a8d7-720dd30785d2']"
1,1743117003.9371562,1743117077.2211268,2,"['342a7267-009e-465d-838b-69921f99655e', '4dab58f6-1c2a-45de-acda-5b20b431ef32']"
1,1743117370.3903701,1743117440.428141,2,"['3f95b2d4-dd51-4348-8566-3fcf6ee7b8e4', '5c9895de-3cf1-45dc-a54d-2f81e13e9f40']"
1,1743117570.938838,1743117645.7071,2,"['c2624959-269a-4138-8ab0-e6b20c642178', 'd00ef2ef-2047-4f87-9d6a-5ba589e04dcc']"
2,1743117651.1751292,1743117721.176865,2,"['c2624959-269a-4138-8ab0-e6b20c642178', 'd00ef2ef-2047-4f87-9d6a-5ba589e04dcc']"
1,1743117859.9769752,1743117930.010871,2,"['2bc25008-2e82-40ca-b25d-9af4ce55a3f2', 'b52efb5c-7893-4e4b-81c3-3f2b78008730']"
2,1743117936.146264,1743118006.149344,2,"['2bc25008-2e82-40ca-b25d-9af4ce55a3f2', 'b52efb5c-7893-4e4b-81c3-3f2b78008730']"
3,1743118010.8635368,1743118080.8722088,2,"['2bc25008-2e82-40ca-b25d-9af4ce55a3f2', 'b52efb5c-7893-4e4b-81c3-3f2b78008730']"
4,1743118086.2899132,1743118156.330101,2,"['2bc25008-2e82-40ca-b25d-9af4ce55a3f2', 'b52efb5c-7893-4e4b-81c3-3f2b78008730']"
5,1743118166.646019,1743118236.660553,2,"['2bc25008-2e82-40ca-b25d-9af4ce55a3f2', 'b52efb5c-7893-4e4b-81c3-3f2b78008730']"
1,1743128804.2067661,1743128959.917656,2,"['0ce28e41-6b63-441b-a5c7-51a02258e1fb', 'b15ecf0d-1621-414e-b660-7556e0381ab6']"
1,1743129149.0183501,1743129219.03132,2,"['475db0ad-1e18-44ba-bb15-f96f3411df8d', '7605d435-94c8-4839-bf49-3a4d7a09fcc3']"
1,1743129408.071511,1743129478.085182,2,"['357135fd-40fc-4f0f-9ed2-388371565b7e', '8cba629d-6891-4282-8b7e-f60c5bd4bd4d']"
1,1743130440.925828,1743130510.930433,2,"['42a99c0f-f47c-4846-978b-6ac2aa53e4da', 'a2c97ade-6b6e-4595-ae71-c1787739da4e']"
1,1743130758.165575,1743130844.262829,2,"['9acba526-5ccb-42fe-8526-a758054fe753', 'bbc202e9-75ec-470a-8f2e-655cf87bb195']"
1,1743130965.818136,1743131035.8226418,2,"['393dd452-8b46-4b73-a71d-33dfa7f95f70', '8bcd588d-5b18-49a6-8cbe-7e847f744137']"
1,1743131581.510668,1743131651.514482,2,"['bb94861d-0cfd-4b77-891e-fd45a0c03cd8', 'edaf6524-a3a1-4bdc-8664-4645e98d195d']"
1,1743131779.722399,1743131849.726542,2,"['52a6b1da-2482-411f-9c25-17398026c12c', 'e700db0c-a09f-4790-ae96-ebf864070d27']"
1,1743131980.323901,1743132050.32988,2,"['9b8870ad-78d3-4b44-a854-8562f9f7d043', 'c70a40db-ef1e-4eef-8d72-99cc4ac8afaf']"
